{"result_train": {"hamming_loss": 0.2615511551155115, "f1": 0.5115643432419438, "accuracy": 0.17326732673267325, "auc_roc": 0.6584703709939302, "jaccard": 0.3574632871907722, "precision_score": 0.6121526209049929, "recall_score": 0.46358715721424515, "avg_precision_score": 0.4642942777855008, "zero_one_loss": 0.8267326732673268, "log_loss": 29.529724416475666, "label_ranking_loss": 0.5505225522552255}, "result_test": {"hamming_loss": 0.25742574257425743, "f1": 0.516331689988114, "accuracy": 0.1782178217821782, "auc_roc": 0.6604463371245745, "jaccard": 0.3580735100094743, "precision_score": 0.6478651937619914, "recall_score": 0.45132876970553837, "avg_precision_score": 0.47307959991543364, "zero_one_loss": 0.8217821782178218, "log_loss": 30.793936845386924, "label_ranking_loss": 0.559020902090209}, "training sample": 391, "test sample": 202, "training time": 4771.74497795105}