{"result_train": {"hamming_loss": 0.2508250825082508, "f1": 0.5514628749204019, "accuracy": 0.16831683168316833, "auc_roc": 0.6857971053092008, "jaccard": 0.4061647614842256, "precision_score": 0.6215640540437701, "recall_score": 0.5389748447881976, "avg_precision_score": 0.5036440274254718, "zero_one_loss": 0.8316831683168316, "log_loss": 28.683865220745144, "label_ranking_loss": 0.5206270627062706}, "result_test": {"hamming_loss": 0.23927392739273928, "f1": 0.548446287285573, "accuracy": 0.18811881188118812, "auc_roc": 0.6926335499732351, "jaccard": 0.40318859068859075, "precision_score": 0.6519623838740513, "recall_score": 0.5167994036211606, "avg_precision_score": 0.5094925826749087, "zero_one_loss": 0.8118811881188119, "log_loss": 28.427745805696265, "label_ranking_loss": 0.5283828382838284}, "training sample": 391, "test sample": 202, "training time": 3434.2610309123993}